<?xml version="1.0" encoding="UTF-8" ?>
<templates xml:space="preserve">
   <t t-name="whatsapp_mail_messaging.whatsapp_icon">
       <div class="o_mail_systray_item dropdown">
           <label class="whatsapp_icon" style="margin-bottom:0px;" title="Send Message Through Whatsapp">
               <div class="icon_div">
                   <div class="toggle-icon">
                       <i class="fa fa-whatsapp" id="fa-icon"/>
                   </div>
               </div>
           </label>
        </div>
   </t>
</templates>