<?xml version="1.0" encoding="UTF-8" ?>
<odoo>
    <data noupdate="1">
            <record id="auto_close_ticket" model="ir.cron">
            <field name="name">Auto Close Ticket</field>
            <field name="model_id" ref="odoo_website_helpdesk.model_help_ticket"/>
            <field name="state">code</field>
            <field name="code">model.auto_close_ticket()</field>
            <field name="user_id" ref="base.user_root"/>
            <field name="interval_number">1</field>
            <field name="interval_type">days</field>
            <field name="numbercall">-1</field>
        </record>
         <record id="odoo_website_helpdesk_assign"
                model="mail.template">
            <field name="name">Ticket Assign</field>
            <field name="email_from"></field>
            <field name="email_to"></field>
            <field name="subject"></field>
            <field name="model_id"
                   ref="odoo_website_helpdesk.model_help_ticket"/>
            <field name="body_html" type="html">
                <div style="margin: 0px; padding: 0px;">
                    <p>Dear,<t t-esc="object.team_head.name"/></p>
                    <p> Your team has been given the ticket [<t t-esc="object.name"/>] kindly complete your work carefully.
                    </p>
                    <br></br>
                    <h2>Details </h2>
                    <p>Subject : <t t-esc="object.subject"/></p>
                    <p>Customer : <t t-esc="object.customer_id.name"/></p>
                    <p>Description : <t t-esc="object.description"/></p>
                    <br></br>
                    <p>Best regards</p>
                </div>
            </field>
        </record>
        <record id="odoo_website_helpdesk_assign_user"
                model="mail.template">
            <field name="name">Ticket Assign to User</field>
            <field name="email_from"></field>
            <field name="email_to"></field>
            <field name="subject"></field>
            <field name="model_id"
                   ref="odoo_website_helpdesk.model_help_ticket"/>
            <field name="body_html" type="html">
                <div style="margin: 0px; padding: 0px;">
                    <p>Dear,<t t-esc="object.assigned_user.name"/></p>
                    <p> Ticket [<t t-esc="object.name"/>] Assign to you , kindly complete your work carefully.
                    </p>
                    <br></br>
                    <h2>Details </h2>
                    <p>Subject : <t t-esc="object.subject"/></p>
                    <p>Customer : <t t-esc="object.customer_id.name"/></p>
                    <p>Description : <t t-esc="object.description"/></p>
                    <br></br>
                    <p>Best regards</p>
                </div>
            </field>
        </record>
        <record id="odoo_website_helpdesk_to_customer"
                model="mail.template">
            <field name="name">Mail To Customer Assign to User</field>
            <field name="email_from"></field>
            <field name="email_to"></field>
            <field name="subject"></field>
            <field name="model_id"
                   ref="odoo_website_helpdesk.model_help_ticket"/>
            <field name="body_html" type="html">
                <div style="margin: 0px; padding: 0px;">
                    <p>Dear,<t t-esc="object.customer_id.name"/></p>
                    <p> Ticket [<t t-esc="object.name"/>] successfully assigned to "<t t-esc="object.assigned_user.name"/>".
                    </p>
                    <br></br>
                    <p>Best regards</p>
                </div>
            </field>
        </record>
    </data>
</odoo>